Portfolio,Transaction Date,Transaction Type,Ticker,Quantity,Transaction Price,Fee
1,2023-03-10,BUY,VUAA.L,2,72.46,0.0
1,2023-04-11,BUY,VUAA.L,1,76.7,0.0
1,2023-05-10,BUY,VUAA.L,2,76.68,0.0
1,2023-06-09,SELL,VUAA.L,1,80.18,0.0
1,2023-07-14,BUY,VUAA.L,1,84.26,0.0
1,2023-08-10,BUY,VUAA.L,3,84.02,2.25
1,2023-09-13,SELL,VUAA.L,2,83.5,2.19
1,2023-10-11,BUY,VUAA.L,2,81.84,2.16
1,2023-11-10,BUY,VUAA.L,3,81.94,2.2
1,2023-12-11,SELL,VUAA.L,2,86.5,2.2
1,2024-01-10,BUY,VUAA.L,3,89.54,2.24
1,2024-02-14,SELL,VUAA.L,2,93.66,2.18
2,2024-06-24,BUY,VUAA.L,4,103.5,2.21
2,2024-07-12,BUY,VUAA.L,2,105.86,2.22
3,2025-10-17,BUY,VUAA.L,8,125.78,2.14
3,2025-11-07,BUY,VUAA.L,7,129.12,2.12
3,2025-12-10,BUY,VUAA.L,4,131.94,2.07
3,2026-01-12,SELL,VUAA.L,5,133.0,2.08
1,2022-10-18,BUY,O,1,58.63,0.0
1,2022-11-15,BUY,O,2,64.74,0.0
1,2022-12-16,BUY,O,2,63.48,0.0
1,2023-01-12,SELL,O,2,66.55,0.0
1,2023-02-10,BUY,O,1,66.85,0.0
2,2024-10-11,BUY,O,4,57.65,2.3
2,2024-11-15,BUY,O,6,56.54,2.25
2,2024-12-12,SELL,O,3,55.14,2.17
3,2025-02-12,BUY,VHYD.L,4,70.04,2.16
3,2025-03-10,BUY,VHYD.L,4,71.02,2.25
3,2025-04-22,BUY,VHYD.L,3,68.24,2.36
1,2025-09-11,BUY,VHYD.L,7,77.69,2.12
1,2025-10-17,SELL,VHYD.L,5,77.53,2.09
1,2025-11-07,BUY,VHYD.L,3,78.14,2.05
1,2025-12-10,BUY,VHYD.L,4,80.67,2.07
2,2025-07-11,BUY,AMZN,10,225.02,2.2
2,2025-08-14,BUY,AMZN,5,230.98,2.1
2,2025-09-11,BUY,AMZN,10,229.95,2.2
2,2025-10-17,SELL,AMZN,8,213.04,2.16
2,2025-11-10,BUY,AMZN,6,248.4,2.12
2,2025-12-10,SELL,AMZN,5,231.78,2.1
3,2023-06-09,BUY,GRE.PA,30,1.352,0.0
1,2025-08-14,BUY,XEON.DE,10,146.975,2.2
